campus,dining,location,close,today,jan,1,happy,new,year,full,list,break,hour,location,
campus,dining,option,today,jan,2,alferd,packer,grill,open,7,2,30,pm,bakery,open,7,3,pm,full,list,break,hour,location,
fpga,design,embed,system,soc,verilog,vlsi,asic,semiconductor,semicon,electronics,hardware,hdl,technology,sram,intel,quartus,altera,xilinix,microsemi,system,chip,architecture,coursera,elearne,course,certification,course,cuboulder,
campus,dining,option,today,jan,3,alferd,packer,grill,open,7,2,30,pm,bakery,open,7,3,pm,full,list,break,hour,location,
anthro,phd,student,m,frequently,ask,study,drone,past,month,alone,coloradodrone,recent,drone,strike,ve,see,need,well,understand,societal,impact,drone,tech,m,excited,continue,research,
true,false,concussion,college,student,significantly,likely,occur,play,field,new,research,look,student,health,datum,show,surprising,result,read,
interesting,work,additional,tool,investigation,sleep,research,ecoepidemiologist,health,hope,development,kind,approach,
thank,much,fun,talk,research,
ha,day,job,turbulence,model,computational,fluid,dynamic,research,facility,nm,m,aerospace,conference,moment,
dr,hutchison,speak,cannabis,health,course,coursera,legal,market,cannabis,safety,cuboulder,cureach,cannabisresearch,marijuanaresearch,marijuana,
fluid,dynamic,research,pave,way,intravenous,injection,replace,pill,way,nutrient,drug,move,within,body,common,space,bind,rocket,might,think,
make,good,progress,week,dissertation,write,retreat,halfway,point,day,2,another,1,000,word,add,manuscript,planning,finish,thursday,phdchat,phdlife,goals,dissertate,academiclife,academia,research,
discuss,phenomenon,commercial,nationalism,research,explore,boundary,national,global,
nationbrande,context,nationalism,commercial,hypermediation,good,opportunity,publicdiplomacy,critical,research,imaginedborders2020,
1,2,postdoc,position,open,center,work,nih,fund,project,relate,cannabis,opioid,use,pain,alcohol,health,research,apply,review,application,begin,soon,cuboulder,psychology,neuroscience,
sobering,presentation,academic,metric,citation,score,journal,ranking,reputation,management,etc,jo,ann,oravec,author,imaginedborders2020,
dr,bidwell,speak,cbd,safety,state,research,cuboulder,cureach,cannabisresearch,
fluid,dynamic,research,pave,way,intravenous,injection,replace,pill,
nsf,little,video,feature,awesome,work,former,undergrad,research,student,current,grad,student,marcus,hughes,use,machine,learning,map,sun,real,time,
join,spring,free,cuontheweekend,lectures,cannabis,research,parker,solar,probe,mission,british,history,latin,inscription,series,start,feb,15,feature,dynamic,faculty,
proud,amazing,work,team,coworkersno,well,place,follow,curiosity,deep,dive,learn,research,connect,people,great,collaboration,great,three,year,always,grateful,time,
overwhelmed,amount,choice,available,dining,hall,tired,eat,plate,full,random,food,go,together,try,breakfast,hack,instead,
invite,applicant,annual,summer,program,run,june,29,july,24,scholar,hold,phd,equivalent,research,topic,within,scope,community,disunity,welcome,apply,
miss,todays,poster,cire,partner,scientist,ams2020use,high,altitude,pseudo,satellite,atmospheric,research,artificial,neural,network,methodology,short,term,auroral,forecasting,boston,conv,ctr,hall,b,4,6,p,
sick,old,breakfast,try,mix,dining,center,breakfast,hack,cuboulder,
first,data,blitz,2020,presenter,two,minute,two,slide,share,hot,press,research,pretty,good,idea,institute,400,
learn,something,new,five,free,course,late,marketing,cheer,twitter,friend,b2bmarketing,onlinelearne,marketingeducation,
new,chip,base,technology,turn,invisible,infrared,light,visible,opening,easy,route,application,outside,lab,quantum,research,jqi,story,
look,forward,meet,scholar,learn,research,
author,comment,new,txpep,research,tx,teen,whose,abortion,deny,judge,
100kin10,partner,publish,new,paper,caret,work,collaborative,around,research,experience,teacher,learn,model,impact,science,research,experience,stemeducation,sciencerule,100kin10,
head,buff,dining,hour,alter,monday,jan,20,c4c,9,8p,m,sewall,10,7,pm,village,center,9,8p,m,farrand,village,market,11,12,weathertech,cafe,4,pm,2,grotto,4,pm,12,starbuck,9,2,pm,venue,close,
congratulation,research,team,awesome,keep,excellent,work,
ok,doomer,research,show,doomsday,language,help,people,engage,challenge,climate,change,foster,creative,effective,approach,climate,change,communication,offer,strategy,
case,miss,groundbreake,research,congratulation,colleague,jeff,cameron,
martin,luther,king,jr,day,dining,hour,monday,jan,20,c4c,9,8p,m,sewall,10,7,pm,village,center,9,8p,m,farrand,village,market,11,12,weathertech,cafe,4,pm,2,grotto,4,pm,12,starbuck,9,2,pm,venue,close,
research,show,anti,science,death,cult,climate,change,denier,keep,flounder,actual,rise,temperature,make,fool,real,fire,real,storm,genuine,drought,massive,proportion,occur,
impact,greta,thunberg,friday,future,movement,book,like,uninhabitale,earth,seem,call,research,question,
interesting,research,highlight,live,concrete,bring,new,twist,smartcity,
fascinating,research,surprising,thing,can,learn,nature,can,crossover,finding,discipline,m,eager,see,else,team,able,learn,excellent,work,
like,cook,learn,come,join,ralphie,cooking,basic,village,center,dining,common,learn,make,chinese,dumpling,hang,friend,meet,delano,student,lounge,4,45,pm,ieccu,iecstudentactivity,
venn,diagram,climate,human,health,interview,interdisciplinary,research,phd,student,today,
last,week,welcome,leader,meet,researcher,work,project,20,m,annual,research,fund,national,defense,re,grateful,opportunity,student,receive,
thank,share,re,excited,future,opportunity,research,continue,development,
thank,m,look,forward,continue,line,research,discover,new,way,connect,biological,material,robotic,
sociology,instructor,hire,note,one,position,expect,teach,wide,array,class,particular,interest,gender,sexuality,involve,teach,
hire,two,new,instructor,one,interest,gender,sexuality,one,interest,teach,research,method,teach,come,work,soctwitter,
exciting,research,pd,deploy,bacteria,create,bioconcrete,heal,crack,cut,ghg,emission,construction,sector,article,sustainability,science,climateactionnow,
research,market,teach,customer,discovery,see,boulder,innovator,via,
hire,two,new,instructor,one,interest,gender,sexuality,one,interest,teach,research,method,teach,come,work,soctwitter,
think,come,sky,research,need,send,money,
congratulation,rachael,r,baiduc,phd,mph,melinda,anderson,phd,2020,grant,american,research,foundation,association,
meettheteammonday,kevin,bbcs,manage,director,focus,diversity,disparity,market,customer,research,start,engineer,cuboulder,switch,gear,earn,master,lbj,school,universityoftexas,austin,
7,cuboulder,student,certainly,engage,earth,future,work,colorado,space,grant,consortium,contribute,research,help,scientist,well,understand,thwaites,glacier,antarctica,learn,
congratulation,soar,alumnus,publication,grl,research,base,2018,soar,project,nsf,picture,mentor,nicole,lovenduski,fellow,protege,gabriela,cazare,
hey,since,class,hold,east,campus,research,park,add,stampede,people,can,actually,get,get,real,bus,can,go,back,take,bike,
thank,much,award,congratulation,honor,join,awardee,look,forward,share,research,opportunity,come,year,
si,estas,interesado,en,hacer,un,programa,de,verano,o,una,estancia,en,ee,uu,te,pierdas,nuestra,sesion,informativa,el,proximo,27,02,donde,contaremos,con,la,participacion,de,y,registro,para,participar,aqui,
good,west,cali,tour,come,royal,hs,register,today,miss,2,13,2020,7,00,pm,royallife,
shaylah,also,finalist,2020,three,minute,thesis,competition,happen,friday,event,prompt,student,explain,complicated,science,engineering,research,three,minute,less,public,invite,attend,
neon,support,two,graduatestudent,postdocs,earlycareerscientist,attend,fluxcourse,annual,workshop,focus,land,atmosphere,flux,mountain,research,station,application,due,03,17,apply,
housing,dining,service,cuboulder,encourage,application,custodian,need,6,month,work,experience,apply,today,
use,science,datum,well,understand,impact,aerosol,climate,human,health,learn,research,new,data,user,profile,
background,check,interlocutor,bother,research,institution,sound,like,wonderful,place,work,
m,eager,start,position,student,research,assistant,dr,colleen,reid,excite,learn,denver,green,spaces,impact,mental,health,lot,horizon,cuboulder,environmentsocietygeography,undergraduateresearch,
risk,fatal,motor,vehicle,accident,6,high,week,springtime,shift,daylight,saving,time,accord,research,
study,humor,help,90,subject,feel,hopeful,climate,change,report,focus,patrick,chandler,research,experimentation,w,student,collective,
cuboulder,graduate,student,nicole,arulanantham,present,excellent,phd,research,astrophysic,protoplanetary,disk,cfa,
get,smart,fast,top,3,research,story,week,1,neanderthal,diving,seashell,2,building,one,day,heal,crack,3,rocky,mountain,range,equivalent,outer,space,
tired,ol,ol,come,eat,offer,dinner,drink,dessert,idea,make,dining,hall,experience,exciting,
sure,can,attend,exact,time,post,send,link,video,register,
well,deserved,honor,indeed,david,research,force,innovation,campus,m,continually,impress,work,shape,next,generation,top,tier,student,congratulation,david,way,represent,
boulderbound,fall,housing,application,open,morning,source,thing,housing,dining,foreverbuff,think,might,opinion,good,residence,hall,let,know,think,
learn,cuboulder,supercomputer,can,access,attend,research,computing,meet,greet,friday,
allie,anderson,professor,work,hard,build,next,generation,spacesuit,comfort,safety,efficiency,mind,recently,give,awe,inspire,detail,story,research,ambition,watch,
leslie,leinwand,phd,deliver,wednesdaylecture,week,research,focus,mechanism,genetic,heart,skeletal,muscle,disease,dr,leinwand,professor,chief,scientific,officer,stowerstalk,scienceinkc,
editor,choice,paper,author,look,barrier,research,cannabi,make,practical,suggestion,good,advance,knowledge,base,observationalresearch,fda,
dining,update,alfred,packer,grill,starbucks,umc,market,seec,open,delayed,schedule,dining,location,open,usual,cuboulder,
come,along,tomorrow,5,15,pm,hear,speak,experience,lead,faculty,role,ongoing,interest,reduce,political,polarization,research,natural,resource,management,model,complex,human,environment,system,
proud,colleague,mbct,reduce,depression,relapse,time,get,meditate,reneecrownwellnessinstitute,sonadimidjian,zindelsegal,
proud,rank,1,among,academic,institution,non,profit,3,globally,smallsat,launch,professor,scott,palo,helm,m,optimistic,output,get,even,well,scientific,research,impact,know,bound,
climateqa,underway,tuning,check,thread,highlight,journey,receive,pecase,award,incredible,research,opportunity,follow,
uas,fill,gap,observe,network,can,provide,detailed,measurement,specific,region,atmosphere,fly,substantially,slow,large,research,aircraft,6,climateqa,
raaven,develop,operate,use,wide,variety,environment,besides,tropic,also,deploy,severe,storm,research,tornadic,supercell,us,midwest,take,part,large,arctic,campaign,mosaic,3,4,climateqa,
new,research,lead,reveal,neanderthal,live,europe,may,dive,mediterranean,sea,collect,seashell,make,tool,read,interesting,finding,
research,debunk,lazy,stoner,stereotype,offer,insight,benefit,mix,cannabis,exercise,find,study,researcher,reveal,medicalcannabis,exercise,recovery,
good,scientist,student,2019,hazel,barnes,prize,winner,pieter,johnson,discuss,teaching,philosophy,student,involvement,high,impact,research,
toll,nuclear,war,world,sea,accord,new,research,lead,result,good,read,
great,news,classmate,senior,sasha,novack,earn,graduate,position,atlas,institute,innovative,research,congratulation,sasha,
start,position,2011,active,development,deployment,uas,decade,work,partner,set,aircraft,atmospheric,research,3,climateqa,
ocs,senior,mister,williams,chosen,continue,education,join,football,team,lionpride,nextlevel,college,nationalsigningday,
link,thank,
join,feb,15,daniela,vergara,ecology,evolutionary,biology,department,give,free,lecture,grow,field,cannabis,genomic,research,hope,see,weekend,
lose,hearing,student,michelle,galetti,tam,19,work,atlas,research,lab,develop,haptic,wearable,device,sensor,laden,jacket,vibrate,sound,provide,pattern,physical,sensation,
look,way,make,extra,cash,contribute,research,effort,cuboulder,several,lab,campus,offer,opportunity,community,member,participate,pay,research,see,qualify,study,
curious,residence,hall,look,like,head,instagram,channel,see,virtual,tour,today,tomorrow,also,follow,information,housing,dining,see,boulder,
check,great,youtube,video,make,student,ronnie,abolfia,rosenzweig,research,
discover,nathan,schneider,involve,community,partner,research,cooperative,enterprise,part,office,interview,series,scholar,community,engage,work,
see,boulder,hub,cannabis,research,forefront,dr,hutchison,accomplishment,course,develop,medical,application,cannabis,cannabismagazine,cannabisnew,cuboulder,cannabisresearch,cannabisstudie,
accord,research,82,people,legalize,cannabi,state,use,cannabi,workout,cite,beneficial,workout,read,full,article,cbd,excercise,cannabisscience,
